SYMBOL,OPEN,HIGH,LOW,PREV. CLOSE,LTP,INDICATIVE CLOSE,CHANGE,% CHANGE,VOLUME (shares),VALUE (Crores),52W H,52W L,30 D %CHNG,365 D %CHNG
"NIFTY 200","13,954.95","14,033.00","13,933.00","13,928.95","14,014.15","-","85.2","0.61","1545323090","67,326.79","14,700.95","12,396.10","0.69","-0.46"
"KALYANKJIL","542.00","577.50","541.25","546.60","572.50","-","25.9","4.74","53915916","3,036.76","617.70","327.05","49.46","-4.66"
"RELIANCE","1,300.00","1,330.30","1,296.10","1,296.60","1,328.80","-","32.2","2.48","18302218","2,418.44","1,611.80","1,253.20","-0.29","-10"
"JIOFIN","247.50","249.95","242.00","235.65","242.70","-","7.05","2.99","95978862","2,357.05","338.60","223.30","-0.12","-23.72"
"BHEL","445.00","446.50","420.30","435.40","421.30","-","-12.7","-2.93","48217882","2,098.97","446.50","205.12","7.41","66.36"
"TECHM","1,540.00","1,585.00","1,527.30","1,510.30","1,570.10","-","59.8","3.96","10632264","1,652.49","1,854.00","1,304.10","7.36","0.41"
"ICICIBANK","1,422.10","1,455.10","1,419.70","1,418.20","1,454.00","-","35.8","2.52","11112550","1,598.32","1,500.00","1,187.60","8.77","2.49"
"FEDERALBNK","328.70","351.00","323.40","326.60","348.00","-","21.4","6.55","44155126","1,506.88","351.00","185.11","7.84","63.7"
"AXISBANK","1,307.00","1,333.00","1,305.00","1,307.60","1,329.40","-","21.8","1.67","11192836","1,483.32","1,418.30","1,042.50","-1.59","14.62"
"HDFCBANK","810.00","823.70","808.50","808.30","820.80","-","12.5","1.55","17415322","1,424.40","1,020.50","726.65","4.28","-17.38"
"INFY","1,105.00","1,116.80","1,092.00","1,082.40","1,094.20","-","11.8","1.09","12547728","1,382.75","1,728.00","982.40","-5.49","-30.9"
"BAJFINANCE","1,044.90","1,058.50","1,037.60","1,037.60","1,055.30","-","17.7","1.71","12882360","1,353.74","1,102.50","787.90","10.11","14.3"
"BSE","3,685.00","3,688.00","3,571.50","3,685.00","3,579.00","-","-106","-2.88","3660561","1,317.71","4,446.80","2,021.50","-10.51","44.61"
"TCS","2,224.80","2,275.00","2,215.10","2,201.00","2,266.00","-","65","2.95","5615138","1,266.60","3,350.00","1,976.80","1.93","-29.39"
"GROWW","206.40","213.64","204.84","205.64","208.18","-","2.54","1.24","49834034","1,042.43","227.20","112.00","4.63","0"
"DIXON","14,499.00","14,580.00","14,192.00","14,507.00","14,300.00","-","-207","-1.43","674412","974.05","18,471.00","9,600.00","11.43","-11.22"
"BHARTIARTL","1,918.00","1,925.20","1,902.70","1,921.80","1,908.00","-","-13.8","-0.72","4715613","901.61","2,174.50","1,740.50","1.72","-1.13"
"SBIN","1,030.60","1,048.00","1,028.30","1,031.20","1,043.20","-","12","1.16","8452780","880.37","1,234.70","786.55","1.63","25.84"
"ADANIGREEN","1,550.70","1,558.00","1,507.30","1,543.70","1,515.00","-","-28.7","-1.86","4912240","753.34","1,631.50","765.00","3.36","44.27"
"LT","3,788.90","3,828.90","3,767.70","3,775.60","3,817.90","-","42.3","1.12","1942610","738.07","4,440.00","3,288.10","-9.26","9.9"
"KOTAKBANK","377.50","391.80","375.70","377.15","390.70","-","14.2","3.77","17847316","688.46","453.20","345.50","-3.41","-10.01"
"TORNTPHARM","4,915.40","4,932.90","4,695.10","4,987.60","4,747.00","-","-240.6","-4.82","1396928","668.15","5,085.80","3,421.30","6.85","35.45"
"POLYCAB","9,169.50","9,170.00","8,826.00","9,215.00","8,847.00","-","-368","-3.99","727314","648.31","10,126.00","6,620.00","-10.87","28.48"
"ICICIGI","1,616.90","1,616.90","1,571.80","1,623.80","1,610.00","-","-13.8","-0.85","4018447","643.60","2,064.90","1,544.60","-10.08","-17.39"
"DLF","649.00","677.00","647.10","648.10","667.00","-","18.9","2.92","9526166","636.85","856.45","489.40","6.97","-21.26"
"VEDL","258.00","258.40","249.70","257.90","252.50","-","-5.4","-2.09","24108053","610.66","795.00","249.70","-17.62","-43.18"
"HCLTECH","1,197.80","1,223.50","1,195.80","1,187.40","1,203.00","-","27.6","2.35","5037972","608.28","1,780.10","1,030.00","3.1","-22.08"
"360ONE","1,108.30","1,127.80","1,085.70","1,081.30","1,111.90","-","30.6","2.83","5362295","594.22","1,236.20","906.05","-2.2","-7.77"
"SUZLON","51.96","52.29","51.27","51.97","52.07","-","0.1","0.19","111362634","577.19","68.30","38.19","-12.15","-21.42"
"ADANIPOWER","217.00","217.00","213.22","216.57","214.37","-","-2.2","-1.02","26561459","570.46","254.20","110.45","-2.74","79.04"
"MCX","2,810.00","2,819.00","2,729.00","2,815.50","2,749.00","-","-66.5","-2.36","2000089","551.97","3,480.00","1,460.80","-3.79","66.41"
"EXIDEIND","421.00","436.55","418.55","421.30","435.00","-","13.7","3.25","12389278","535.68","436.55","287.00","12","13.41"
"M&M","3,119.00","3,183.20","3,119.00","3,117.80","3,178.90","-","61.1","1.96","1627877","515.37","3,839.90","2,896.00","1.47","-0.5"
"PFC","402.00","407.55","399.75","401.35","404.65","-","3.3","0.82","12783074","514.16","486.50","329.90","-6.28","-4.59"
"ADANIENSOL","1,700.00","1,757.70","1,690.50","1,689.50","1,721.60","-","32.1","1.9","2898703","502.90","1,757.70","744.90","15.47","97.13"
"SWIGGY","273.89","281.00","267.20","272.96","275.99","-","3.03","1.11","18196699","502.28","474.00","235.75","6.38","-28.44"
"ETERNAL","287.00","287.85","283.05","286.45","286.75","-","0.3","0.1","17477557","499.56","368.45","212.60","10.97","10.44"
"HAVELLS","1,173.00","1,194.10","1,141.20","1,170.60","1,190.80","-","20.2","1.73","4169240","489.28","1,621.10","1,123.60","-0.5","-22.3"
"SUNPHARMA","1,948.70","1,952.60","1,922.50","1,950.10","1,934.00","-","-16.1","-0.83","2475664","479.57","1,962.70","1,548.00","6.24","13.54"
"POWERINDIA","33,540.00","33,540.00","31,900.00","33,545.00","32,005.00","-","-1540","-4.59","137304","445.43","38,785.00","16,111.00","-10.97","64.21"
"BAJAJ-AUTO","10,366.00","10,499.00","10,350.00","10,331.50","10,439.50","-","108","1.05","426656","444.83","10,834.00","7,858.50","3.96","25.32"
"COFORGE","1,549.70","1,560.60","1,495.20","1,530.70","1,510.00","-","-20.7","-1.35","2927353","444.15","1,989.70","1,008.10","3.02","-19.05"
"ITC","279.35","281.95","277.80","279.35","280.50","-","1.15","0.41","15215868","426.55","427.00","275.00","-3.53","-33.84"
"BHARATFORG","2,101.00","2,196.70","2,101.00","2,104.70","2,195.00","-","90.3","4.29","1942065","419.67","2,238.00","1,100.50","7.89","79.21"
"HDFCAMC","2,601.70","2,669.00","2,588.40","2,602.20","2,650.10","-","47.9","1.84","1533879","405.04","2,967.25","2,205.60","-2.25","-3.81"
"WIPRO","173.55","176.26","173.55","177.74","175.90","-","-1.84","-1.04","22960032","402.28","273.10","169.00","-4.65","-32.5"
"HINDALCO","955.00","959.10","939.50","959.30","945.05","-","-14.25","-1.49","4222686","399.78","1,176.00","657.50","-6.24","40.1"
"BIOCON","444.40","444.45","432.80","440.70","437.90","-","-2.8","-0.64","8811391","384.86","447.15","331.00","6.33","10.3"
"NATIONALUM","353.00","353.75","338.05","354.45","341.35","-","-13.1","-3.7","11229123","383.67","445.15","179.93","-7.74","80.49"
"IDEA","13.83","14.00","13.71","13.89","13.72","-","-0.17","-1.22","275409119","380.89","15.34","6.12","-8.04","76.8"
"TATASTEEL","185.20","186.59","183.41","185.49","185.75","-","0.26","0.14","20132684","372.94","224.40","152.51","-6.66","16.17"
"EICHERMOT","7,450.00","7,575.00","7,450.00","7,418.50","7,556.00","-","137.5","1.85","489811","369.06","8,230.00","5,353.00","0.63","33.73"
"CUMMINSIND","5,582.00","5,582.00","5,390.00","5,592.00","5,436.00","-","-110","-1.98","666621","362.72","6,100.00","3,481.50","-6.81","51.64"
"OFSS","11,709.00","11,850.00","11,337.00","11,681.00","11,799.00","-","118","1.01","299599","348.80","11,958.00","6,234.50","24.93","34.92"
"GVT&D","4,584.10","4,588.00","4,342.00","4,584.10","4,388.20","-","-195.9","-4.27","782766","345.70","5,650.00","2,293.60","-14.83","81.55"
"JSWSTEEL","1,221.00","1,243.90","1,218.00","1,221.00","1,235.00","-","14","1.15","2800390","345.32","1,328.00","1,017.40","-4.06","19.42"
"SHRIRAMFIN","1,025.40","1,038.90","1,022.00","1,024.40","1,024.90","-","0.5","0.05","3328041","342.89","1,108.00","566.50","1.73","54.02"
"POLICYBZR","1,567.10","1,610.00","1,567.10","1,561.10","1,574.00","-","12.9","0.83","2135708","338.09","1,974.00","1,364.00","-3.11","-12.09"
"DIVISLAB","7,316.00","7,316.50","7,200.00","7,316.00","7,256.00","-","-60","-0.82","455060","330.02","7,390.00","5,636.50","8.89","6.86"
"LENSKART","540.80","560.75","531.30","533.65","536.00","-","2.35","0.44","6069741","327.82","563.00","356.10","6.42","0"
"MARUTI","13,750.00","13,885.00","13,700.00","13,783.00","13,824.00","-","41","0.3","237330","327.26","17,370.00","12,201.00","1.42","10.8"
"ADANIENT","3,156.10","3,184.80","3,140.00","3,151.40","3,155.00","-","3.6","0.11","1021302","322.71","3,245.00","1,753.00","6.88","24.19"
"INDIGO","5,265.50","5,307.00","5,225.00","5,265.50","5,246.00","-","-19.5","-0.37","609593","320.66","6,232.50","3,895.20","7.54","-9.5"
"POWERGRID","280.75","284.35","279.65","280.75","283.20","-","2.45","0.87","10985155","310.63","324.95","250.00","-1.1","-4.52"
"TITAN","4,626.00","4,647.50","4,610.10","4,625.80","4,632.00","-","6.2","0.13","667212","309.04","4,679.80","3,303.10","5.74","34.91"
"TVSMOTOR","3,563.50","3,628.00","3,563.00","3,563.50","3,622.00","-","58.5","1.64","825661","298.43","3,970.00","2,728.70","5.03","25.82"
"HAL","4,435.90","4,509.40","4,426.80","4,433.80","4,501.00","-","67.2","1.52","658032","295.20","4,978.00","3,479.10","0.91","-6.02"
"ULTRACEMCO","11,770.00","11,802.00","11,663.00","11,771.00","11,685.00","-","-86","-0.73","247044","289.62","13,110.00","10,325.00","2.74","-6.48"
"KEI","5,077.50","5,078.00","4,881.00","5,075.50","4,889.00","-","-186.5","-3.67","569747","280.83","5,708.00","3,712.20","-13.37","24.3"
"ABB","7,667.50","7,706.50","7,485.00","7,667.50","7,508.00","-","-159.5","-2.08","366304","277.88","7,924.50","4,637.50","4.8","33.18"
"PAYTM","1,360.00","1,365.30","1,325.40","1,361.10","1,340.90","-","-20.2","-1.48","2071323","277.58","1,407.00","930.60","19.71","34.17"
"PERSISTENT","5,120.90","5,195.70","5,090.00","5,059.30","5,175.00","-","115.7","2.29","532124","273.98","6,599.00","4,244.50","2.58","-5.81"
"BEL","407.10","411.20","405.10","407.10","408.75","-","1.65","0.41","6678047","273.07","473.45","361.20","-2.64","1.13"
"PATANJALI","349.85","351.00","334.00","347.25","335.00","-","-12.25","-3.53","7624401","261.37","653.93","328.20","-20.05","-47.36"
"NTPC","342.50","343.90","340.25","342.45","341.90","-","-0.55","-0.16","7612446","260.41","414.40","315.55","-3.84","-0.22"
"TMPV","332.10","336.80","330.20","331.80","335.50","-","3.7","1.12","7785825","260.05","739.70","294.30","-7.05","-50.78"
"TMCV","413.30","419.90","406.30","412.55","414.40","-","1.85","0.45","6276860","259.90","509.00","306.30","2.88","0"
"RECLTD","350.00","357.00","347.40","349.60","354.10","-","4.5","1.29","7268772","256.85","408.25","304.05","-1.3","-11.74"
"DRREDDY","1,227.50","1,229.90","1,201.20","1,224.40","1,210.30","-","-14.1","-1.15","2075149","251.19","1,414.90","1,148.40","-4.63","-4.18"
"SBICARD","644.05","657.75","637.00","644.60","652.90","-","8.3","1.29","3722822","242.58","965.00","565.45","4.35","-28.16"
"CANBK","125.90","126.09","124.30","125.90","125.15","-","-0.75","-0.6","19266430","240.83","162.89","103.55","-7.46","8.33"
"HINDPETRO","401.00","403.35","396.60","399.40","400.70","-","1.3","0.33","5951111","237.85","508.45","316.20","-0.48","-8.93"
"SAIL","163.70","164.35","160.50","163.63","162.95","-","-0.68","-0.42","14464071","234.94","209.70","118.10","-9.26","21.97"
"INDUSINDBK","1,013.80","1,031.20","1,010.00","1,013.50","1,026.10","-","12.6","1.24","2257757","231.35","1,038.00","710.60","9.6","18.61"
"HDFCLIFE","568.30","577.20","562.90","567.60","564.00","-","-3.6","-0.63","3978771","226.69","815.00","543.00","-3.06","-24.98"
"HINDUNILVR","2,100.00","2,154.50","2,092.10","2,098.40","2,140.00","-","41.6","1.98","1059832","226.37","2,750.00","2,022.50","-2.62","-14.73"
"TRENT","2,860.90","2,873.90","2,838.20","2,860.20","2,842.00","-","-18.2","-0.64","791066","225.65","3,782.67","2,183.67","-8.41","-21.31"
"INDIANB","821.00","835.75","816.00","819.90","831.00","-","11.1","1.35","2707156","224.65","1,000.90","606.00","-5.17","30.26"
"PIDILITIND","1,560.00","1,573.30","1,557.00","1,559.60","1,560.00","-","0.4","0.03","1387673","217.11","1,626.70","1,259.00","-1.15","4.27"
"CGPOWER","926.90","927.75","900.30","921.95","905.00","-","-16.95","-1.84","2383800","216.30","980.90","525.50","-6.1","31.28"
"HEROMOTOCO","4,900.00","4,925.00","4,870.90","4,898.00","4,906.00","-","8","0.16","434144","212.63","6,388.50","4,195.00","-2.2","10.41"
"MOTHERSON","143.01","145.84","143.01","143.65","144.44","-","0.79","0.55","14704640","212.31","155.25","89.70","-0.45","40.81"
"NESTLEIND","1,416.00","1,429.20","1,405.10","1,423.50","1,427.80","-","4.3","0.3","1433884","204.07","1,498.10","1,084.70","1.46","16.6"
"NAUKRI","1,213.30","1,220.50","1,182.05","1,207.00","1,184.20","-","-22.8","-1.89","1669004","199.04","1,485.00","908.30","16.43","-14.14"
"INDUSTOWER","407.00","408.00","401.75","405.65","403.00","-","-2.65","-0.65","4788472","193.42","481.50","312.55","-2.62","-0.8"
"GRASIM","3,079.40","3,118.00","3,065.40","3,072.90","3,111.50","-","38.6","1.26","622540","192.86","3,246.00","2,502.50","-1.23","12.48"
"GODREJPROP","2,090.30","2,143.00","2,086.60","2,090.30","2,097.50","-","7.2","0.34","900280","190.98","2,407.90","1,434.00","17.29","-10.25"
"ABCAPITAL","399.95","402.85","395.60","399.70","400.55","-","0.85","0.21","4757491","190.49","410.70","243.00","7.54","48.9"
"NMDC","84.15","84.49","82.71","84.08","83.20","-","-0.88","-1.05","22681426","188.82","97.49","67.75","-5.45","19.61"
"SBILIFE","1,824.10","1,839.80","1,811.30","1,822.10","1,828.80","-","6.7","0.37","1025533","187.29","2,132.00","1,700.40","1.96","1.44"
"GMRAIRPORT","111.99","112.00","110.22","111.94","110.57","-","-1.37","-1.22","16838250","186.62","115.64","84.11","1.14","16.78"
"UNIONBANK","169.00","169.42","166.25","168.77","167.95","-","-0.82","-0.49","10762360","180.87","205.49","124.64","-3.34","14.79"
"SOLARINDS","18,410.00","18,590.00","18,251.00","18,400.00","18,420.00","-","20","0.11","96644","178.13","18,972.00","11,646.00","5.52","21.61"
"PRESTIGE","1,641.70","1,697.90","1,633.30","1,641.70","1,687.00","-","45.3","2.76","1057341","177.87","1,814.00","1,090.00","10.88","-5.39"
"BPCL","311.60","316.00","310.40","312.00","315.00","-","3","0.96","5658733","177.69","391.65","266.60","-0.93","-9.16"
"YESBANK","23.75","23.75","23.21","23.75","23.53","-","-0.22","-0.93","75453831","177.39","25.78","17.20","-6.29","16.83"
"COALINDIA","427.40","429.70","424.70","427.35","427.60","-","0.25","0.06","4142036","176.82","491.25","368.65","-6.18","10.81"
"ADANIPORTS","1,825.60","1,841.50","1,817.10","1,826.40","1,836.50","-","10.1","0.55","962152","176.41","1,891.10","1,290.50","0.43","26.44"
"MAXHEALTH","1,100.00","1,101.40","1,081.20","1,098.20","1,090.00","-","-8.2","-0.75","1617983","176.25","1,301.70","903.00","6.22","-12.35"
"MARICO","840.00","852.95","829.90","839.35","845.00","-","5.65","0.67","2039711","171.54","873.00","690.20","4.97","15.23"
"MPHASIS","2,385.00","2,407.90","2,352.80","2,352.00","2,393.00","-","41","1.74","704251","168.12","3,037.20","2,013.00","2.26","-15.86"
"BANKBARODA","249.00","249.00","245.60","248.30","246.75","-","-1.55","-0.62","6785854","167.64","325.50","230.81","-12.45","0.09"
"LUPIN","2,480.70","2,489.60","2,428.00","2,500.50","2,443.00","-","-39.5","-1.59","678414","165.87","2,529.50","1,836.80","7.53","24.92"
"GAIL","171.65","171.97","169.47","171.71","171.80","-","0.09","0.05","9642263","164.91","188.89","134.36","-1.85","-7.28"
"MUTHOOTFIN","2,995.10","2,997.90","2,936.10","2,996.10","2,984.40","-","-11.7","-0.39","551166","163.50","4,149.50","2,476.60","-6.46","12.2"
"IOC","141.70","142.30","140.19","141.80","141.60","-","-0.2","-0.14","11266555","159.24","188.96","130.22","-2.63","-6.2"
"INDHOTEL","735.90","743.00","725.45","731.45","728.40","-","-3.05","-0.42","2175639","158.98","811.95","565.00","4.19","-3.39"
"TATAELXSI","3,538.10","3,579.50","3,481.10","3,537.80","3,505.00","-","-32.8","-0.93","449370","157.47","6,439.50","3,469.70","-14.4","-43.44"
"ASHOKLEY","155.00","156.08","154.30","154.87","155.40","-","0.53","0.34","10055243","156.03","215.42","114.96","-2.61","25.58"
"LAURUSLABS","1,560.40","1,561.00","1,520.40","1,557.60","1,527.50","-","-30.1","-1.93","1011017","154.96","1,579.10","810.05","11.51","85.94"
"ONGC","246.20","247.79","245.60","246.75","247.27","-","0.52","0.21","6214332","153.47","307.50","227.65","0.93","1.39"
"LTM","4,094.00","4,170.40","4,035.60","4,060.30","4,075.00","-","14.7","0.36","373867","152.99","6,429.50","3,528.00","1.98","-21.55"
"VMM","112.72","112.99","109.18","112.46","110.50","-","-1.96","-1.74","13589987","149.83","157.60","98.77","-6.96","-19.3"
"PNB","105.25","106.10","104.59","105.22","106.01","-","0.79","0.75","14161891","149.05","135.15","98.50","-2.63","-6.84"
"HYUNDAI","2,016.00","2,027.20","1,975.50","2,025.00","1,996.00","-","-29","-1.43","740338","147.60","2,890.00","1,658.00","0.98","-6.53"
"ENRIN","3,423.80","3,460.00","3,368.10","3,405.30","3,385.00","-","-20.3","-0.6","430018","146.66","3,968.00","2,115.00","-10.57","10.83"
"OBEROIRLTY","1,860.00","1,899.00","1,856.10","1,861.20","1,890.00","-","28.8","1.55","763441","143.92","1,986.10","1,391.20","11.52","2.79"
"CHOLAFIN","1,800.00","1,812.00","1,787.50","1,789.10","1,799.10","-","10","0.56","791604","142.76","1,875.00","1,299.40","7.14","15.01"
"ZYDUSLIFE","1,150.00","1,156.70","1,134.80","1,153.90","1,143.50","-","-10.4","-0.9","1240517","141.59","1,181.50","835.50","7.74","16.36"
"DMART","3,955.00","3,989.00","3,927.50","3,950.90","3,950.00","-","-0.9","-0.02","356574","141.00","4,949.50","3,529.00","-7.87","-2.61"
"TATACONSUM","1,082.00","1,091.80","1,074.90","1,088.50","1,088.80","-","0.3","0.03","1262534","136.95","1,282.70","1,007.20","-3.17","-1.54"
"LODHA","1,177.85","1,195.00","1,165.25","1,178.10","1,186.90","-","8.8","0.75","1143368","135.37","1,461.50","650.80","29.74","-17.6"
"NYKAA","324.40","326.80","320.40","324.85","323.40","-","-1.45","-0.45","4054644","130.92","332.15","200.14","15.11","48.71"
"BAJAJFINSV","1,836.00","1,871.70","1,822.00","1,838.60","1,853.10","-","14.5","0.79","705632","130.83","2,195.00","1,597.00","5.02","-8.56"
"MAZDOCK","2,355.00","2,368.00","2,333.30","2,361.30","2,335.00","-","-26.3","-1.11","555651","130.51","3,136.50","2,057.40","-8.52","-23.39"
"VBL","468.00","468.00","460.10","466.55","461.40","-","-5.15","-1.1","2797591","129.56","555.80","381.00","-15.19","-5.87"
"APOLLOHOSP","8,875.00","8,892.00","8,782.00","8,888.00","8,820.00","-","-68","-0.77","144563","127.63","9,009.00","6,696.50","4.66","19.99"
"SIEMENS","3,657.60","3,690.20","3,614.80","3,657.60","3,662.10","-","4.5","0.12","339615","124.44","3,937.30","2,826.00","-1.7","17.74"
"WAAREEENER","2,837.10","2,848.00","2,810.00","2,830.30","2,835.00","-","4.7","0.17","439273","124.35","3,865.00","2,403.00","-7.91","-11.57"
"PHOENIXLTD","2,080.90","2,108.00","2,059.10","2,086.20","2,085.00","-","-1.2","-0.06","590982","123.02","2,169.80","1,402.50","11.55","38.78"
"OIL","430.95","436.75","427.25","429.45","435.10","-","5.65","1.32","2809397","121.94","531.00","384.60","4.33","-2.54"
"HINDZINC","520.00","520.30","514.95","521.95","519.00","-","-2.95","-0.57","2356602","121.92","733.00","413.50","-9.35","18.74"
"ASIANPAINT","2,665.00","2,700.00","2,665.00","2,674.70","2,690.00","-","15.3","0.57","452284","121.57","2,985.70","2,115.00","-1.75","12.13"
"ICICIAMC","3,114.00","3,205.00","3,102.40","3,110.00","3,200.00","-","90","2.89","382687","120.91","3,611.00","2,530.00","-1.55","0"
"PREMIERENE","1,105.00","1,106.70","1,076.60","1,100.60","1,078.20","-","-22.4","-2.04","1096921","119.24","1,134.00","660.00","2.12","-0.19"
"MRF","1,31,195.00","1,31,285.00","1,29,550.00","1,31,430.00","1,30,555.00","-","-650","-0.5","9004","117.27","1,63,600.00","1,22,000.00","1.01","-13.27"
"COCHINSHIP","1,406.90","1,409.00","1,390.00","1,406.90","1,401.40","-","-5.5","-0.39","818536","114.65","1,979.90","1,187.00","-6.59","-26.73"
"MFSL","1,580.60","1,586.70","1,531.30","1,578.40","1,535.00","-","-43.4","-2.75","713068","110.14","1,892.50","1,433.60","-5.93","-0.17"
"UPL","625.05","625.05","609.80","625.85","614.20","-","-5.65","-0.91","1757526","108.44","812.20","563.15","-0.03","-11.33"
"BRITANNIA","5,312.00","5,418.00","5,299.00","5,310.50","5,415.00","-","104.5","1.97","199477","107.18","6,336.00","5,035.00","3.5","-6.76"
"RADICO","4,116.00","4,134.30","4,063.50","4,106.00","4,082.00","-","-24","-0.58","261239","107.13","4,161.80","2,500.00","14.27","49.09"
"JUBLFOOD","423.20","423.25","414.30","423.15","418.35","-","-3.6","-0.85","2389067","99.62","695.50","408.80","-1.13","-39.33"
"TATAPOWER","377.10","379.20","375.25","377.10","377.00","-","-0.1","-0.03","2626498","99.06","464.90","342.50","-6.1","-8.82"
"IDFCFIRSTB","79.28","80.80","78.78","79.28","80.00","-","0.72","0.91","12269443","97.81","87.00","58.08","3.39","8.87"
"MANKIND","2,546.10","2,558.40","2,469.50","2,546.00","2,482.30","-","-63.7","-2.5","361947","90.40","2,694.90","1,909.70","5","-5.95"
"DABUR","426.50","428.65","422.35","429.45","427.00","-","3.05","0.72","2117096","90.21","577.00","403.35","-0.47","-19.24"
"RVNL","227.40","227.89","224.50","226.40","225.20","-","-1.2","-0.53","3890424","87.73","400.70","221.55","-8.13","-40.96"
"CIPLA","1,429.50","1,434.00","1,404.00","1,429.50","1,419.50","-","-10","-0.7","607055","85.94","1,673.00","1,165.70","5.09","-4.24"
"ASTRAL","1,370.00","1,381.80","1,362.10","1,377.00","1,376.60","-","-0.4","-0.03","624569","85.87","1,768.70","1,263.70","-12.05","-8.54"
"COLPAL","2,001.00","2,047.00","1,986.30","2,001.10","2,040.00","-","38.9","1.94","423366","85.71","2,504.00","1,782.00","0.29","-14.93"
"KPITTECH","553.90","557.95","547.00","551.35","554.10","-","2.75","0.5","1542011","85.18","1,328.00","543.00","-26.32","-56.78"
"IRCTC","499.90","509.00","496.80","499.90","506.70","-","6.8","1.36","1670497","84.03","781.90","492.65","-2.55","-34.6"
"ATGL","711.00","715.30","701.15","707.70","708.25","-","0.55","0.08","1178598","83.44","859.85","462.80","0.8","7.04"
"AMBUJACEM","433.55","439.70","431.15","433.60","437.00","-","3.4","0.78","1898550","82.79","624.95","394.00","2.47","-26.51"
"GLENMARK","2,287.90","2,287.90","2,229.00","2,286.90","2,237.00","-","-49.9","-2.18","355968","79.98","2,474.00","1,792.60","4.7","0.46"
"AUROPHARMA","1,550.00","1,550.00","1,520.40","1,548.40","1,536.10","-","-12.3","-0.79","518043","79.43","1,636.80","1,016.10","7.99","33.09"
"AUBANK","1,035.10","1,037.00","1,018.30","1,035.10","1,028.00","-","-7.1","-0.69","748829","76.88","1,090.40","682.15","0.7","28.99"
"PAGEIND","40,395.00","40,435.00","39,650.00","40,460.00","39,945.00","-","-515","-1.27","18420","73.50","49,380.00","29,805.00","1.64","-15.52"
"BAJAJHLDNG","10,444.00","10,533.00","10,345.00","10,417.00","10,390.00","-","-27","-0.26","68257","71.12","14,763.00","8,588.00","-1.05","-26.31"
"SRF","2,899.20","2,914.90","2,853.00","2,889.30","2,860.00","-","-29.3","-1.01","232559","66.87","3,260.40","2,355.00","5.71","-10.69"
"NHPC","78.83","79.45","78.40","78.91","78.80","-","-0.11","-0.14","8359461","66.14","89.22","71.62","5.9","-10.29"
"UNITDSPR","1,363.00","1,382.10","1,351.00","1,381.60","1,376.50","-","-5.1","-0.37","476712","65.43","1,488.00","1,210.80","5.24","-0.25"
"BANKINDIA","143.50","144.20","141.77","143.33","142.83","-","-0.5","-0.35","4520145","64.53","178.36","108.81","-2.93","23.02"
"JINDALSTEL","1,031.00","1,035.80","1,018.40","1,028.00","1,025.00","-","-3","-0.29","628804","64.49","1,306.20","929.70","-9.76","7.84"
"BLUESTARCO","1,741.70","1,741.80","1,675.00","1,741.70","1,676.70","-","-56.5","-3.26","359288","61.16","2,040.00","1,450.00","-1.11","-10.94"
"BDL","1,262.80","1,267.00","1,252.00","1,262.80","1,254.30","-","-8.5","-0.67","484790","60.99","1,832.10","1,086.00","-4.24","-28.03"
"M&MFIN","322.10","327.05","318.90","321.85","325.00","-","3.15","0.98","1837046","59.29","412.20","246.35","9.24","24.21"
"LTF","311.45","311.45","307.10","309.55","309.30","-","-0.25","-0.08","1913114","59.18","338.60","194.40","5.15","54.82"
"FORTIS","963.10","964.00","944.00","963.10","952.00","-","-11.1","-1.15","604717","57.53","1,104.30","766.80","0.25","17.49"
"APLAPOLLO","1,800.00","1,807.40","1,789.20","1,792.50","1,790.40","-","-2.1","-0.12","311231","55.87","2,301.40","1,492.00","-3.46","5.64"
"BOSCHLTD","41,110.00","41,550.00","40,760.00","41,110.00","40,800.00","-","-310","-0.75","13320","54.68","42,565.00","28,610.00","4","5.58"
"VOLTAS","1,373.00","1,378.90","1,336.00","1,373.90","1,340.00","-","-33.9","-2.47","353251","48.03","1,582.50","1,186.80","-0.95","-3.65"
"JSWENERGY","545.35","547.40","539.20","543.40","541.00","-","-2.4","-0.44","847436","45.92","617.35","427.75","-5.42","1.77"
"MOTILALOFS","959.00","974.80","950.60","954.90","968.00","-","13.1","1.37","474373","45.83","1,097.10","614.90","2.67","3.9"
"IREDA","120.80","121.97","119.80","120.83","121.48","-","0.65","0.54","3743488","45.24","163.35","108.65","-3.94","-23.71"
"IRFC","88.50","88.80","87.92","88.41","88.36","-","-0.05","-0.06","5054877","44.65","138.00","86.93","-12.03","-34.5"
"ALKEM","5,709.00","5,709.00","5,539.00","5,709.00","5,555.00","-","-154","-2.7","70604","39.41","5,933.50","4,738.50","3.88","10.69"
"LICHSGFIN","547.90","551.90","543.50","546.75","549.45","-","2.7","0.49","698630","38.29","646.50","458.90","-0.29","-13.91"
"GODREJCP","1,057.70","1,075.30","1,051.00","1,057.70","1,069.00","-","11.3","1.07","328585","35.03","1,309.00","967.05","4.8","-16.37"
"SHREECEM","26,995.00","26,995.00","26,400.00","27,000.00","26,520.00","-","-410","-1.52","12749","33.98","32,490.00","22,550.00","6.21","-14.02"
"HUDCO","203.39","203.89","200.80","202.66","203.00","-","0.34","0.17","1677153","33.89","246.85","159.00","-4.98","-11.45"
"TIINDIA","2,939.90","2,946.30","2,868.90","2,932.70","2,882.50","-","-50.2","-1.71","116070","33.75","3,419.90","2,164.90","-11.79","-2.02"
"TATACOMM","1,842.90","1,849.90","1,801.00","1,839.90","1,814.70","-","-25.2","-1.37","180878","32.92","2,110.00","1,322.50","-4.48","4.8"
"COROMANDEL","2,010.00","2,041.00","2,000.10","2,022.20","2,033.80","-","11.6","0.57","152450","30.96","2,718.90","1,706.50","-0.1","-13.33"
"SUPREMEIND","3,527.00","3,529.60","3,400.50","3,522.70","3,420.40","-","-102.3","-2.9","88775","30.72","4,664.90","3,140.00","-2.76","-19.82"
"LGEINDIA","1,582.00","1,593.00","1,572.00","1,581.30","1,579.50","-","-1.8","-0.11","187460","29.66","1,749.00","1,304.10","0.04","0"
"TATACAP","351.00","356.05","350.90","349.35","353.80","-","4.45","1.27","788117","27.88","379.95","296.00","4.95","0"
"GODFRYPHLP","2,110.10","2,141.00","2,103.00","2,121.60","2,111.00","-","-10.6","-0.5","128339","27.20","3,947.00","1,832.10","-6.14","-31.18"
"CONCOR","492.00","492.00","484.35","490.30","487.40","-","-2.9","-0.59","449962","21.95","625.00","421.45","4.37","-21.52"
"PIIND","2,631.80","2,640.00","2,612.80","2,631.80","2,620.00","-","-11.8","-0.45","79566","20.88","4,330.00","2,527.00","-7.59","-36.65"
"TATAINVEST","665.95","668.15","660.50","665.80","663.00","-","-2.8","-0.42","135182","8.96","1,184.70","538.85","-1.87","0.59"